{
    "planning": {
        "precision": 0.8888888888888888,
        "recall": 0.8,
        "f1_score": 0.8421052631578948,
        "accuracy": 0.9
    },
    "monitor": {
        "precision": 0,
        "recall": 0.0,
        "f1_score": 0,
        "accuracy": 0.6666666666666666
    },
    "evaluating": {
        "precision": 0.6666666666666666,
        "recall": 1.0,
        "f1_score": 0.8,
        "accuracy": 0.8333333333333334
    },
    "na": {
        "precision": 0.0,
        "recall": 0,
        "f1_score": 0,
        "accuracy": 0.8
    }
}