{
    "planning": {
        "precision": 0.9125,
        "recall": 0.9125,
        "f1_score": 0.9125,
        "accuracy": 0.9416666666666667
    },
    "monitor": {
        "precision": 0.0,
        "recall": 0.0,
        "f1_score": 0,
        "accuracy": 0.6583333333333333
    },
    "evaluating": {
        "precision": 0.6754385964912281,
        "recall": 0.9625,
        "f1_score": 0.7938144329896907,
        "accuracy": 0.8333333333333334
    },
    "na": {
        "precision": 0.0,
        "recall": 0,
        "f1_score": 0,
        "accuracy": 0.8166666666666667
    }
}