{
    "planning": {
        "precision": 0.9444444444444444,
        "recall": 0.85,
        "f1_score": 0.8947368421052632,
        "accuracy": 0.9333333333333333
    },
    "monitor": {
        "precision": 0,
        "recall": 0.0,
        "f1_score": 0,
        "accuracy": 0.6666666666666666
    },
    "evaluating": {
        "precision": 0.6451612903225806,
        "recall": 1.0,
        "f1_score": 0.7843137254901961,
        "accuracy": 0.8166666666666667
    },
    "na": {
        "precision": 0.0,
        "recall": 0,
        "f1_score": 0,
        "accuracy": 0.8166666666666667
    }
}