{
    "monitor": {
        "precision": 1.0,
        "recall": 0.81,
        "f1_score": 0.8950276243093923,
        "accuracy": 0.81
    },
    "na": {
        "precision": 0.0,
        "recall": 0,
        "f1_score": 0,
        "accuracy": 0.81
    },
    "total_time": 68.66993713378906,
    "avg_time_per_sample": 0.6866993713378906
}