{
    "planning": {
        "precision": 0.9,
        "recall": 0.9,
        "f1_score": 0.9,
        "accuracy": 0.9333333333333333
    },
    "monitor": {
        "precision": 0.0,
        "recall": 0.0,
        "f1_score": 0,
        "accuracy": 0.6625
    },
    "evaluating": {
        "precision": 0.7,
        "recall": 0.9625,
        "f1_score": 0.8105263157894735,
        "accuracy": 0.85
    },
    "na": {
        "precision": 0.0,
        "recall": 0,
        "f1_score": 0,
        "accuracy": 0.7958333333333333
    }
}