{
    "planning": {
        "precision": 0,
        "recall": 0,
        "f1_score": 0,
        "accuracy": 1.0
    },
    "monitor": {
        "precision": 0,
        "recall": 0.0,
        "f1_score": 0,
        "accuracy": 0.6666666666666666
    },
    "evaluating": {
        "precision": 0.9302325581395349,
        "recall": 1.0,
        "f1_score": 0.963855421686747,
        "accuracy": 0.95
    },
    "na": {
        "precision": 0.0,
        "recall": 0,
        "f1_score": 0,
        "accuracy": 0.7166666666666667
    }
}