{
    "monitor": {
        "precision": 1.0,
        "recall": 0.9680851063829787,
        "f1_score": 0.9837837837837838,
        "accuracy": 0.9845360824742269
    },
    "na": {
        "precision": 0.970873786407767,
        "recall": 1.0,
        "f1_score": 0.9852216748768473,
        "accuracy": 0.9845360824742269
    }
}