{
    "planning": {
        "precision": 0.0,
        "recall": 0,
        "f1_score": 0,
        "accuracy": 0.9830508474576272
    },
    "monitor": {
        "precision": 0,
        "recall": 0.0,
        "f1_score": 0,
        "accuracy": 0.6779661016949152
    },
    "evaluating": {
        "precision": 0.9090909090909091,
        "recall": 1.0,
        "f1_score": 0.9523809523809523,
        "accuracy": 0.9322033898305084
    },
    "na": {
        "precision": 0.0,
        "recall": 0,
        "f1_score": 0,
        "accuracy": 0.7627118644067796
    }
}