{
    "planning": {
        "precision": 0.9333333333333333,
        "recall": 0.7,
        "f1_score": 0.8,
        "accuracy": 0.8833333333333333
    },
    "monitor": {
        "precision": 0.0,
        "recall": 0.0,
        "f1_score": 0,
        "accuracy": 0.65
    },
    "evaluating": {
        "precision": 0.6071428571428571,
        "recall": 0.85,
        "f1_score": 0.7083333333333333,
        "accuracy": 0.7666666666666667
    },
    "na": {
        "precision": 0.0,
        "recall": 0,
        "f1_score": 0,
        "accuracy": 0.7333333333333333
    }
}