{
    "planning": {
        "precision": 0,
        "recall": 0,
        "f1_score": 0,
        "accuracy": 1.0
    },
    "monitor": {
        "precision": 0.0,
        "recall": 0.0,
        "f1_score": 0,
        "accuracy": 0.6
    },
    "evaluating": {
        "precision": 0.8372093023255814,
        "recall": 0.9,
        "f1_score": 0.8674698795180723,
        "accuracy": 0.8166666666666667
    },
    "na": {
        "precision": 0.0,
        "recall": 0,
        "f1_score": 0,
        "accuracy": 0.7833333333333333
    }
}