{
    "planning": {
        "precision": 0.8888888888888888,
        "recall": 0.9,
        "f1_score": 0.8944099378881988,
        "accuracy": 0.9288702928870293
    },
    "monitor": {
        "precision": 0.23809523809523808,
        "recall": 0.06329113924050633,
        "f1_score": 0.1,
        "accuracy": 0.6234309623430963
    },
    "evaluating": {
        "precision": 0.6896551724137931,
        "recall": 0.75,
        "f1_score": 0.718562874251497,
        "accuracy": 0.803347280334728
    },
    "na": {
        "precision": 0.0,
        "recall": 0,
        "f1_score": 0,
        "accuracy": 0.7907949790794979
    }
}