{
    "planning": {
        "precision": 0.8875,
        "recall": 0.8875,
        "f1_score": 0.8875,
        "accuracy": 0.925
    },
    "monitor": {
        "precision": 0.0,
        "recall": 0.0,
        "f1_score": 0,
        "accuracy": 0.6625
    },
    "evaluating": {
        "precision": 0.6782608695652174,
        "recall": 0.975,
        "f1_score": 0.8,
        "accuracy": 0.8375
    },
    "na": {
        "precision": 0.0,
        "recall": 0,
        "f1_score": 0,
        "accuracy": 0.8166666666666667
    }
}