{
    "monitor": {
        "precision": 1.0,
        "recall": 0.98,
        "f1_score": 0.98989898989899,
        "accuracy": 0.99
    },
    "na": {
        "precision": 0.9803921568627451,
        "recall": 1.0,
        "f1_score": 0.99009900990099,
        "accuracy": 0.99
    }
}