{
    "planning": {
        "precision": 0.9342105263157895,
        "recall": 0.8987341772151899,
        "f1_score": 0.9161290322580645,
        "accuracy": 0.9456066945606695
    },
    "monitor": {
        "precision": 0,
        "recall": 0.0,
        "f1_score": 0,
        "accuracy": 0.6652719665271967
    },
    "evaluating": {
        "precision": 0.6964285714285714,
        "recall": 0.975,
        "f1_score": 0.8125,
        "accuracy": 0.8493723849372385
    },
    "na": {
        "precision": 0.0,
        "recall": 0,
        "f1_score": 0,
        "accuracy": 0.7866108786610879
    }
}