{
    "planning": {
        "precision": 0.9594594594594594,
        "recall": 0.8875,
        "f1_score": 0.922077922077922,
        "accuracy": 0.9497907949790795
    },
    "monitor": {
        "precision": 0.0,
        "recall": 0.0,
        "f1_score": 0,
        "accuracy": 0.6652719665271967
    },
    "evaluating": {
        "precision": 0.7053571428571429,
        "recall": 0.9875,
        "f1_score": 0.8229166666666667,
        "accuracy": 0.8577405857740585
    },
    "na": {
        "precision": 0.0,
        "recall": 0,
        "f1_score": 0,
        "accuracy": 0.7824267782426778
    }
}