{
    "planning": {
        "precision": 0.9594594594594594,
        "recall": 0.8875,
        "f1_score": 0.922077922077922,
        "accuracy": 0.95
    },
    "monitor": {
        "precision": 0.0,
        "recall": 0.0,
        "f1_score": 0,
        "accuracy": 0.6625
    },
    "evaluating": {
        "precision": 0.7722772277227723,
        "recall": 0.975,
        "f1_score": 0.861878453038674,
        "accuracy": 0.8958333333333334
    },
    "na": {
        "precision": 0.0,
        "recall": 0,
        "f1_score": 0,
        "accuracy": 0.7333333333333333
    }
}