{
    "monitor": {
        "precision": 1.0,
        "recall": 0.99,
        "f1_score": 0.9949748743718593,
        "accuracy": 0.99
    },
    "na": {
        "precision": 0.0,
        "recall": 0,
        "f1_score": 0,
        "accuracy": 0.99
    },
    "total_time": 72.9477469921112,
    "avg_time_per_sample": 0.7294774699211121
}