{
    "monitor": {
        "precision": 1.0,
        "recall": 0.99,
        "f1_score": 0.9949748743718593,
        "accuracy": 0.995
    },
    "na": {
        "precision": 0.9900990099009901,
        "recall": 1.0,
        "f1_score": 0.9950248756218906,
        "accuracy": 0.995
    }
}