{
    "planning": {
        "precision": 1.0,
        "recall": 0.8,
        "f1_score": 0.888888888888889,
        "accuracy": 0.9333333333333333
    },
    "monitor": {
        "precision": 0,
        "recall": 0.0,
        "f1_score": 0,
        "accuracy": 0.6666666666666666
    },
    "evaluating": {
        "precision": 0.6896551724137931,
        "recall": 1.0,
        "f1_score": 0.8163265306122449,
        "accuracy": 0.85
    },
    "na": {
        "precision": 0.0,
        "recall": 0,
        "f1_score": 0,
        "accuracy": 0.75
    }
}