{
    "planning": {
        "precision": 0.8888888888888888,
        "recall": 0.8,
        "f1_score": 0.8421052631578948,
        "accuracy": 0.8983050847457628
    },
    "monitor": {
        "precision": 0,
        "recall": 0.0,
        "f1_score": 0,
        "accuracy": 0.6779661016949152
    },
    "evaluating": {
        "precision": 0.6896551724137931,
        "recall": 1.0,
        "f1_score": 0.8163265306122449,
        "accuracy": 0.847457627118644
    },
    "na": {
        "precision": 0.0,
        "recall": 0,
        "f1_score": 0,
        "accuracy": 0.7966101694915254
    }
}