{
    "planning": {
        "precision": 0.0,
        "recall": 0,
        "f1_score": 0,
        "accuracy": 0.9666666666666667
    },
    "monitor": {
        "precision": 0,
        "recall": 0.0,
        "f1_score": 0,
        "accuracy": 0.6666666666666666
    },
    "evaluating": {
        "precision": 0.8666666666666667,
        "recall": 0.975,
        "f1_score": 0.9176470588235294,
        "accuracy": 0.8833333333333333
    },
    "na": {
        "precision": 0.0,
        "recall": 0,
        "f1_score": 0,
        "accuracy": 0.7833333333333333
    }
}