{
    "planning": {
        "precision": 0.8961038961038961,
        "recall": 0.8625,
        "f1_score": 0.8789808917197451,
        "accuracy": 0.9208333333333333
    },
    "monitor": {
        "precision": 0.0,
        "recall": 0.0,
        "f1_score": 0,
        "accuracy": 0.6625
    },
    "evaluating": {
        "precision": 0.7383177570093458,
        "recall": 0.9875,
        "f1_score": 0.8449197860962567,
        "accuracy": 0.8791666666666667
    },
    "na": {
        "precision": 0.0,
        "recall": 0,
        "f1_score": 0,
        "accuracy": 0.7708333333333334
    }
}